name,base_health_point,base_attack,base_defence,base_speed,element_type,image_url
bulbasaur,45,49,49,45,grass,http://assets.pokemon.com/assets/cms2/img/pokedex/full/001.png
ivysaur,60,62,63,60,grass,http://assets.pokemon.com/assets/cms2/img/pokedex/full/002.png
venusaur,80,82,83,80,grass,http://assets.pokemon.com/assets/cms2/img/pokedex/full/003.png
venusaur-mega,80,100,123,80,grass,http://assets.pokemon.com/assets/cms2/img/pokedex/full/003_f2.png
charmander,39,52,43,65,fire,http://assets.pokemon.com/assets/cms2/img/pokedex/full/004.png
charmeleon,58,64,58,80,fire,http://assets.pokemon.com/assets/cms2/img/pokedex/full/005.png
charizard,78,84,78,100,fire,http://assets.pokemon.com/assets/cms2/img/pokedex/full/006.png
charizard-mega-x,78,130,111,100,fire,http://assets.pokemon.com/assets/cms2/img/pokedex/full/006_f2.png
charizard-mega-y,78,104,78,100,fire,http://assets.pokemon.com/assets/cms2/img/pokedex/full/006_f3.png
squirtle,44,48,65,43,water,http://assets.pokemon.com/assets/cms2/img/pokedex/full/007.png
wartortle,59,63,80,58,water,http://assets.pokemon.com/assets/cms2/img/pokedex/full/008.png
blastoise,79,83,100,78,water,http://assets.pokemon.com/assets/cms2/img/pokedex/full/009.png
blastoise-mega,79,103,120,78,water,http://assets.pokemon.com/assets/cms2/img/pokedex/full/009_f2.png
caterpie,45,30,35,45,bug,http://assets.pokemon.com/assets/cms2/img/pokedex/full/010.png
metapod,50,20,55,30,bug,http://assets.pokemon.com/assets/cms2/img/pokedex/full/011.png
butterfree,60,45,50,70,bug,http://assets.pokemon.com/assets/cms2/img/pokedex/full/012.png
weedle,40,35,30,50,bug,http://assets.pokemon.com/assets/cms2/img/pokedex/full/013.png
kakuna,45,25,50,35,bug,http://assets.pokemon.com/assets/cms2/img/pokedex/full/014.png
beedrill,65,90,40,75,bug,http://assets.pokemon.com/assets/cms2/img/pokedex/full/015.png
beedrill-mega,65,150,40,145,bug,http://assets.pokemon.com/assets/cms2/img/pokedex/full/015_f2.png
pidgey,40,45,40,56,normal,http://assets.pokemon.com/assets/cms2/img/pokedex/full/016.png
pidgeotto,63,60,55,71,normal,http://assets.pokemon.com/assets/cms2/img/pokedex/full/017.png
pidgeot,83,80,75,101,normal,http://assets.pokemon.com/assets/cms2/img/pokedex/full/018.png
pidgeot-mega,83,80,80,121,normal,http://assets.pokemon.com/assets/cms2/img/pokedex/full/018_f2.png
rattata,30,56,35,72,normal,http://assets.pokemon.com/assets/cms2/img/pokedex/full/019.png
raticate,55,81,60,97,normal,http://assets.pokemon.com/assets/cms2/img/pokedex/full/020.png
spearow,40,60,30,70,normal,http://assets.pokemon.com/assets/cms2/img/pokedex/full/021.png
fearow,65,90,65,100,normal,http://assets.pokemon.com/assets/cms2/img/pokedex/full/022.png
ekans,35,60,44,55,poison,http://assets.pokemon.com/assets/cms2/img/pokedex/full/023.png
arbok,60,85,69,80,poison,http://assets.pokemon.com/assets/cms2/img/pokedex/full/024.png
pikachu,35,55,40,90,electric,http://assets.pokemon.com/assets/cms2/img/pokedex/full/025.png
raichu,60,90,55,110,electric,http://assets.pokemon.com/assets/cms2/img/pokedex/full/026.png
sandshrew,50,75,85,40,ground,http://assets.pokemon.com/assets/cms2/img/pokedex/full/027.png
sandslash,75,100,110,65,ground,http://assets.pokemon.com/assets/cms2/img/pokedex/full/028.png
nidoran-f,55,47,52,41,poison,http://assets.pokemon.com/assets/cms2/img/pokedex/full/029.png
nidorina,70,62,67,56,poison,http://assets.pokemon.com/assets/cms2/img/pokedex/full/030.png
nidoqueen,90,92,87,76,poison,http://assets.pokemon.com/assets/cms2/img/pokedex/full/031.png
nidoran-m,46,57,40,50,poison,http://assets.pokemon.com/assets/cms2/img/pokedex/full/032.png
nidorino,61,72,57,65,poison,http://assets.pokemon.com/assets/cms2/img/pokedex/full/033.png
nidoking,81,102,77,85,poison,http://assets.pokemon.com/assets/cms2/img/pokedex/full/034.png
clefairy,70,45,48,35,fairy,http://assets.pokemon.com/assets/cms2/img/pokedex/full/035.png
clefable,95,70,73,60,fairy,http://assets.pokemon.com/assets/cms2/img/pokedex/full/036.png
vulpix,38,41,40,65,fire,http://assets.pokemon.com/assets/cms2/img/pokedex/full/037.png
ninetales,73,76,75,100,fire,http://assets.pokemon.com/assets/cms2/img/pokedex/full/038.png
jigglypuff,115,45,20,20,normal,http://assets.pokemon.com/assets/cms2/img/pokedex/full/039.png
wigglytuff,140,70,45,45,normal,http://assets.pokemon.com/assets/cms2/img/pokedex/full/040.png
zubat,40,45,35,55,poison,http://assets.pokemon.com/assets/cms2/img/pokedex/full/041.png
golbat,75,80,70,90,poison,http://assets.pokemon.com/assets/cms2/img/pokedex/full/042.png
oddish,45,50,55,30,grass,http://assets.pokemon.com/assets/cms2/img/pokedex/full/043.png
gloom,60,65,70,40,grass,http://assets.pokemon.com/assets/cms2/img/pokedex/full/044.png
vileplume,75,80,85,50,grass,http://assets.pokemon.com/assets/cms2/img/pokedex/full/045.png
paras,35,70,55,25,bug,http://assets.pokemon.com/assets/cms2/img/pokedex/full/046.png
parasect,60,95,80,30,bug,http://assets.pokemon.com/assets/cms2/img/pokedex/full/047.png
venonat,60,55,50,45,bug,http://assets.pokemon.com/assets/cms2/img/pokedex/full/048.png
venomoth,70,65,60,90,bug,http://assets.pokemon.com/assets/cms2/img/pokedex/full/049.png
diglett,10,55,25,95,ground,http://assets.pokemon.com/assets/cms2/img/pokedex/full/050.png
dugtrio,35,80,50,120,ground,http://assets.pokemon.com/assets/cms2/img/pokedex/full/051.png
meowth,40,45,35,90,normal,http://assets.pokemon.com/assets/cms2/img/pokedex/full/052.png
persian,65,70,60,115,normal,http://assets.pokemon.com/assets/cms2/img/pokedex/full/053.png
psyduck,50,52,48,55,water,http://assets.pokemon.com/assets/cms2/img/pokedex/full/054.png
golduck,80,82,78,85,water,http://assets.pokemon.com/assets/cms2/img/pokedex/full/055.png
mankey,40,80,35,70,fighting,http://assets.pokemon.com/assets/cms2/img/pokedex/full/056.png
primeape,65,105,60,95,fighting,http://assets.pokemon.com/assets/cms2/img/pokedex/full/057.png
growlithe,55,70,45,60,fire,http://assets.pokemon.com/assets/cms2/img/pokedex/full/058.png
arcanine,90,110,80,95,fire,http://assets.pokemon.com/assets/cms2/img/pokedex/full/059.png
poliwag,40,50,40,90,water,http://assets.pokemon.com/assets/cms2/img/pokedex/full/060.png
poliwhirl,65,65,65,90,water,http://assets.pokemon.com/assets/cms2/img/pokedex/full/061.png
poliwrath,90,95,95,70,water,http://assets.pokemon.com/assets/cms2/img/pokedex/full/062.png
abra,25,20,15,90,psychic,http://assets.pokemon.com/assets/cms2/img/pokedex/full/063.png
kadabra,40,35,30,105,psychic,http://assets.pokemon.com/assets/cms2/img/pokedex/full/064.png
alakazam,55,50,45,120,psychic,http://assets.pokemon.com/assets/cms2/img/pokedex/full/065.png
alakazam-mega,55,50,65,150,psychic,http://assets.pokemon.com/assets/cms2/img/pokedex/full/065_f2.png
machop,70,80,50,35,fighting,http://assets.pokemon.com/assets/cms2/img/pokedex/full/066.png
machoke,80,100,70,45,fighting,http://assets.pokemon.com/assets/cms2/img/pokedex/full/067.png
machamp,90,130,80,55,fighting,http://assets.pokemon.com/assets/cms2/img/pokedex/full/068.png
bellsprout,50,75,35,40,grass,http://assets.pokemon.com/assets/cms2/img/pokedex/full/069.png
weepinbell,65,90,50,55,grass,http://assets.pokemon.com/assets/cms2/img/pokedex/full/070.png
victreebel,80,105,65,70,grass,http://assets.pokemon.com/assets/cms2/img/pokedex/full/071.png
tentacool,40,40,35,70,water,http://assets.pokemon.com/assets/cms2/img/pokedex/full/072.png
tentacruel,80,70,65,100,water,http://assets.pokemon.com/assets/cms2/img/pokedex/full/073.png
geodude,40,80,100,20,rock,http://assets.pokemon.com/assets/cms2/img/pokedex/full/074.png
graveler,55,95,115,35,rock,http://assets.pokemon.com/assets/cms2/img/pokedex/full/075.png
golem,80,120,130,45,rock,http://assets.pokemon.com/assets/cms2/img/pokedex/full/076.png
ponyta,50,85,55,90,fire,http://assets.pokemon.com/assets/cms2/img/pokedex/full/077.png
rapidash,65,100,70,105,fire,http://assets.pokemon.com/assets/cms2/img/pokedex/full/078.png
slowpoke,90,65,65,15,water,http://assets.pokemon.com/assets/cms2/img/pokedex/full/079.png
slowbro,95,75,110,30,water,http://assets.pokemon.com/assets/cms2/img/pokedex/full/080.png
slowbro-mega,95,75,180,30,water,http://assets.pokemon.com/assets/cms2/img/pokedex/full/080_f2.png
magnemite,25,35,70,45,electric,http://assets.pokemon.com/assets/cms2/img/pokedex/full/081.png
magneton,50,60,95,70,electric,http://assets.pokemon.com/assets/cms2/img/pokedex/full/082.png
farfetchd,52,65,55,60,normal,http://assets.pokemon.com/assets/cms2/img/pokedex/full/083.png
doduo,35,85,45,75,normal,http://assets.pokemon.com/assets/cms2/img/pokedex/full/084.png
dodrio,60,110,70,100,normal,http://assets.pokemon.com/assets/cms2/img/pokedex/full/085.png
seel,65,45,55,45,water,http://assets.pokemon.com/assets/cms2/img/pokedex/full/086.png
dewgong,90,70,80,70,water,http://assets.pokemon.com/assets/cms2/img/pokedex/full/087.png
grimer,80,80,50,25,poison,http://assets.pokemon.com/assets/cms2/img/pokedex/full/088.png
muk,105,105,75,50,poison,http://assets.pokemon.com/assets/cms2/img/pokedex/full/089.png
shellder,30,65,100,40,water,http://assets.pokemon.com/assets/cms2/img/pokedex/full/090.png
cloyster,50,95,180,70,water,http://assets.pokemon.com/assets/cms2/img/pokedex/full/091.png
gastly,30,35,30,80,ghost,http://assets.pokemon.com/assets/cms2/img/pokedex/full/092.png
haunter,45,50,45,95,ghost,http://assets.pokemon.com/assets/cms2/img/pokedex/full/093.png
gengar,60,65,60,110,ghost,http://assets.pokemon.com/assets/cms2/img/pokedex/full/094.png
gengar-mega,60,65,80,130,ghost,http://assets.pokemon.com/assets/cms2/img/pokedex/full/094_f2.png
onix,35,45,160,70,rock,http://assets.pokemon.com/assets/cms2/img/pokedex/full/095.png
drowzee,60,48,45,42,psychic,http://assets.pokemon.com/assets/cms2/img/pokedex/full/096.png
hypno,85,73,70,67,psychic,http://assets.pokemon.com/assets/cms2/img/pokedex/full/097.png
krabby,30,105,90,50,water,http://assets.pokemon.com/assets/cms2/img/pokedex/full/098.png
kingler,55,130,115,75,water,http://assets.pokemon.com/assets/cms2/img/pokedex/full/099.png
voltorb,40,30,50,100,electric,http://assets.pokemon.com/assets/cms2/img/pokedex/full/100.png
electrode,60,50,70,140,electric,http://assets.pokemon.com/assets/cms2/img/pokedex/full/101.png
exeggcute,60,40,80,40,grass,http://assets.pokemon.com/assets/cms2/img/pokedex/full/102.png
exeggutor,95,95,85,55,grass,http://assets.pokemon.com/assets/cms2/img/pokedex/full/103.png
cubone,50,50,95,35,ground,http://assets.pokemon.com/assets/cms2/img/pokedex/full/104.png
marowak,60,80,110,45,ground,http://assets.pokemon.com/assets/cms2/img/pokedex/full/105.png
hitmonlee,50,120,53,87,fighting,http://assets.pokemon.com/assets/cms2/img/pokedex/full/106.png
hitmonchan,50,105,79,76,fighting,http://assets.pokemon.com/assets/cms2/img/pokedex/full/107.png
lickitung,90,55,75,30,normal,http://assets.pokemon.com/assets/cms2/img/pokedex/full/108.png
koffing,40,65,95,35,poison,http://assets.pokemon.com/assets/cms2/img/pokedex/full/109.png
weezing,65,90,120,60,poison,http://assets.pokemon.com/assets/cms2/img/pokedex/full/110.png
rhyhorn,80,85,95,25,ground,http://assets.pokemon.com/assets/cms2/img/pokedex/full/111.png
rhydon,105,130,120,40,ground,http://assets.pokemon.com/assets/cms2/img/pokedex/full/112.png
chansey,250,5,5,50,normal,http://assets.pokemon.com/assets/cms2/img/pokedex/full/113.png
tangela,65,55,115,60,grass,http://assets.pokemon.com/assets/cms2/img/pokedex/full/114.png
kangaskhan,105,95,80,90,normal,http://assets.pokemon.com/assets/cms2/img/pokedex/full/115.png
kangaskhan-mega,105,125,100,100,normal,http://assets.pokemon.com/assets/cms2/img/pokedex/full/115_f2.png
horsea,30,40,70,60,water,http://assets.pokemon.com/assets/cms2/img/pokedex/full/116.png
seadra,55,65,95,85,water,http://assets.pokemon.com/assets/cms2/img/pokedex/full/117.png
goldeen,45,67,60,63,water,http://assets.pokemon.com/assets/cms2/img/pokedex/full/118.png
seaking,80,92,65,68,water,http://assets.pokemon.com/assets/cms2/img/pokedex/full/119.png
staryu,30,45,55,85,water,http://assets.pokemon.com/assets/cms2/img/pokedex/full/120.png
starmie,60,75,85,115,water,http://assets.pokemon.com/assets/cms2/img/pokedex/full/121.png
mr-mime,40,45,65,90,psychic,http://assets.pokemon.com/assets/cms2/img/pokedex/full/122.png
scyther,70,110,80,105,bug,http://assets.pokemon.com/assets/cms2/img/pokedex/full/123.png
jynx,65,50,35,95,ice,http://assets.pokemon.com/assets/cms2/img/pokedex/full/124.png
electabuzz,65,83,57,105,electric,http://assets.pokemon.com/assets/cms2/img/pokedex/full/125.png
magmar,65,95,57,93,fire,http://assets.pokemon.com/assets/cms2/img/pokedex/full/126.png
pinsir,65,125,100,85,bug,http://assets.pokemon.com/assets/cms2/img/pokedex/full/127.png
pinsir-mega,65,155,120,105,bug,http://assets.pokemon.com/assets/cms2/img/pokedex/full/127_f2.png
tauros,75,100,95,110,normal,http://assets.pokemon.com/assets/cms2/img/pokedex/full/128.png
magikarp,20,10,55,80,water,http://assets.pokemon.com/assets/cms2/img/pokedex/full/129.png
gyarados,95,125,79,81,water,http://assets.pokemon.com/assets/cms2/img/pokedex/full/130.png
gyarados-mega,95,155,109,81,water,http://assets.pokemon.com/assets/cms2/img/pokedex/full/130_f2.png
lapras,130,85,80,60,water,http://assets.pokemon.com/assets/cms2/img/pokedex/full/131.png
ditto,48,48,48,48,normal,http://assets.pokemon.com/assets/cms2/img/pokedex/full/132.png
eevee,55,55,50,55,normal,http://assets.pokemon.com/assets/cms2/img/pokedex/full/133.png
vaporeon,130,65,60,65,water,http://assets.pokemon.com/assets/cms2/img/pokedex/full/134.png
jolteon,65,65,60,130,electric,http://assets.pokemon.com/assets/cms2/img/pokedex/full/135.png
flareon,65,130,60,65,fire,http://assets.pokemon.com/assets/cms2/img/pokedex/full/136.png
porygon,65,60,70,40,normal,http://assets.pokemon.com/assets/cms2/img/pokedex/full/137.png
omanyte,35,40,100,35,rock,http://assets.pokemon.com/assets/cms2/img/pokedex/full/138.png
omastar,70,60,125,55,rock,http://assets.pokemon.com/assets/cms2/img/pokedex/full/139.png
kabuto,30,80,90,55,rock,http://assets.pokemon.com/assets/cms2/img/pokedex/full/140.png
kabutops,60,115,105,80,rock,http://assets.pokemon.com/assets/cms2/img/pokedex/full/141.png
aerodactyl,80,105,65,130,rock,http://assets.pokemon.com/assets/cms2/img/pokedex/full/142.png
aerodactyl-mega,80,135,85,150,rock,http://assets.pokemon.com/assets/cms2/img/pokedex/full/142_f2.png
snorlax,160,110,65,30,normal,http://assets.pokemon.com/assets/cms2/img/pokedex/full/143.png
articuno,90,85,100,85,ice,http://assets.pokemon.com/assets/cms2/img/pokedex/full/144.png
zapdos,90,90,85,100,electric,http://assets.pokemon.com/assets/cms2/img/pokedex/full/145.png
moltres,90,100,90,90,fire,http://assets.pokemon.com/assets/cms2/img/pokedex/full/146.png
dratini,41,64,45,50,dragon,http://assets.pokemon.com/assets/cms2/img/pokedex/full/147.png
dragonair,61,84,65,70,dragon,http://assets.pokemon.com/assets/cms2/img/pokedex/full/148.png
dragonite,91,134,95,80,dragon,http://assets.pokemon.com/assets/cms2/img/pokedex/full/149.png
mewtwo,106,110,90,130,psychic,http://assets.pokemon.com/assets/cms2/img/pokedex/full/150.png
mewtwo-mega-x,106,190,100,130,psychic,http://assets.pokemon.com/assets/cms2/img/pokedex/full/150_f2.png
mewtwo-mega-y,106,150,70,140,psychic,http://assets.pokemon.com/assets/cms2/img/pokedex/full/150_f3.png
mew,100,100,100,100,psychic,http://assets.pokemon.com/assets/cms2/img/pokedex/full/151.png
chikorita,45,49,65,45,grass,http://assets.pokemon.com/assets/cms2/img/pokedex/full/152.png
bayleef,60,62,80,60,grass,http://assets.pokemon.com/assets/cms2/img/pokedex/full/153.png
meganium,80,82,100,80,grass,http://assets.pokemon.com/assets/cms2/img/pokedex/full/154.png
cyndaquil,39,52,43,65,fire,http://assets.pokemon.com/assets/cms2/img/pokedex/full/155.png
quilava,58,64,58,80,fire,http://assets.pokemon.com/assets/cms2/img/pokedex/full/156.png
typhlosion,78,84,78,100,fire,http://assets.pokemon.com/assets/cms2/img/pokedex/full/157.png
totodile,50,65,64,43,water,http://assets.pokemon.com/assets/cms2/img/pokedex/full/158.png
croconaw,65,80,80,58,water,http://assets.pokemon.com/assets/cms2/img/pokedex/full/159.png
feraligatr,85,105,100,78,water,http://assets.pokemon.com/assets/cms2/img/pokedex/full/160.png
sentret,35,46,34,20,normal,http://assets.pokemon.com/assets/cms2/img/pokedex/full/161.png
furret,85,76,64,90,normal,http://assets.pokemon.com/assets/cms2/img/pokedex/full/162.png
hoothoot,60,30,30,50,normal,http://assets.pokemon.com/assets/cms2/img/pokedex/full/163.png
noctowl,100,50,50,70,normal,http://assets.pokemon.com/assets/cms2/img/pokedex/full/164.png
ledyba,40,20,30,55,bug,http://assets.pokemon.com/assets/cms2/img/pokedex/full/165.png
ledian,55,35,50,85,bug,http://assets.pokemon.com/assets/cms2/img/pokedex/full/166.png
spinarak,40,60,40,30,bug,http://assets.pokemon.com/assets/cms2/img/pokedex/full/167.png
ariados,70,90,70,40,bug,http://assets.pokemon.com/assets/cms2/img/pokedex/full/168.png
crobat,85,90,80,130,poison,http://assets.pokemon.com/assets/cms2/img/pokedex/full/169.png
chinchou,75,38,38,67,water,http://assets.pokemon.com/assets/cms2/img/pokedex/full/170.png
lanturn,125,58,58,67,water,http://assets.pokemon.com/assets/cms2/img/pokedex/full/171.png
pichu,20,40,15,60,electric,http://assets.pokemon.com/assets/cms2/img/pokedex/full/172.png
cleffa,50,25,28,15,fairy,http://assets.pokemon.com/assets/cms2/img/pokedex/full/173.png
igglybuff,90,30,15,15,normal,http://assets.pokemon.com/assets/cms2/img/pokedex/full/174.png
togepi,35,20,65,20,fairy,http://assets.pokemon.com/assets/cms2/img/pokedex/full/175.png
togetic,55,40,85,40,fairy,http://assets.pokemon.com/assets/cms2/img/pokedex/full/176.png
natu,40,50,45,70,psychic,http://assets.pokemon.com/assets/cms2/img/pokedex/full/177.png
xatu,65,75,70,95,psychic,http://assets.pokemon.com/assets/cms2/img/pokedex/full/178.png
mareep,55,40,40,35,electric,http://assets.pokemon.com/assets/cms2/img/pokedex/full/179.png
flaaffy,70,55,55,45,electric,http://assets.pokemon.com/assets/cms2/img/pokedex/full/180.png
ampharos,90,75,85,55,electric,http://assets.pokemon.com/assets/cms2/img/pokedex/full/181.png
ampharos-mega,90,95,105,45,electric,http://assets.pokemon.com/assets/cms2/img/pokedex/full/181_f2.png
bellossom,75,80,95,50,grass,http://assets.pokemon.com/assets/cms2/img/pokedex/full/182.png
marill,70,20,50,40,water,http://assets.pokemon.com/assets/cms2/img/pokedex/full/183.png
azumarill,100,50,80,50,water,http://assets.pokemon.com/assets/cms2/img/pokedex/full/184.png
sudowoodo,70,100,115,30,rock,http://assets.pokemon.com/assets/cms2/img/pokedex/full/185.png
politoed,90,75,75,70,water,http://assets.pokemon.com/assets/cms2/img/pokedex/full/186.png
hoppip,35,35,40,50,grass,http://assets.pokemon.com/assets/cms2/img/pokedex/full/187.png
skiploom,55,45,50,80,grass,http://assets.pokemon.com/assets/cms2/img/pokedex/full/188.png
jumpluff,75,55,70,110,grass,http://assets.pokemon.com/assets/cms2/img/pokedex/full/189.png
aipom,55,70,55,85,normal,http://assets.pokemon.com/assets/cms2/img/pokedex/full/190.png
sunkern,30,30,30,30,grass,http://assets.pokemon.com/assets/cms2/img/pokedex/full/191.png
sunflora,75,75,55,30,grass,http://assets.pokemon.com/assets/cms2/img/pokedex/full/192.png
yanma,65,65,45,95,bug,http://assets.pokemon.com/assets/cms2/img/pokedex/full/193.png
wooper,55,45,45,15,water,http://assets.pokemon.com/assets/cms2/img/pokedex/full/194.png
quagsire,95,85,85,35,water,http://assets.pokemon.com/assets/cms2/img/pokedex/full/195.png
espeon,65,65,60,110,psychic,http://assets.pokemon.com/assets/cms2/img/pokedex/full/196.png
umbreon,95,65,110,65,dark,http://assets.pokemon.com/assets/cms2/img/pokedex/full/197.png
murkrow,60,85,42,91,dark,http://assets.pokemon.com/assets/cms2/img/pokedex/full/198.png
slowking,95,75,80,30,water,http://assets.pokemon.com/assets/cms2/img/pokedex/full/199.png
misdreavus,60,60,60,85,ghost,http://assets.pokemon.com/assets/cms2/img/pokedex/full/200.png
unown,48,72,48,48,psychic,http://assets.pokemon.com/assets/cms2/img/pokedex/full/201.png
wobbuffet,190,33,58,33,psychic,http://assets.pokemon.com/assets/cms2/img/pokedex/full/202.png
girafarig,70,80,65,85,normal,http://assets.pokemon.com/assets/cms2/img/pokedex/full/203.png
pineco,50,65,90,15,bug,http://assets.pokemon.com/assets/cms2/img/pokedex/full/204.png
forretress,75,90,140,40,bug,http://assets.pokemon.com/assets/cms2/img/pokedex/full/205.png
dunsparce,100,70,70,45,normal,http://assets.pokemon.com/assets/cms2/img/pokedex/full/206.png
gligar,65,75,105,85,ground,http://assets.pokemon.com/assets/cms2/img/pokedex/full/207.png
steelix,75,85,200,30,steel,http://assets.pokemon.com/assets/cms2/img/pokedex/full/208.png
steelix-mega,75,125,230,30,steel,http://assets.pokemon.com/assets/cms2/img/pokedex/full/208_f2.png
snubbull,60,80,50,30,fairy,http://assets.pokemon.com/assets/cms2/img/pokedex/full/209.png
granbull,90,120,75,45,fairy,http://assets.pokemon.com/assets/cms2/img/pokedex/full/210.png
qwilfish,65,95,75,85,water,http://assets.pokemon.com/assets/cms2/img/pokedex/full/211.png
scizor,70,130,100,65,bug,http://assets.pokemon.com/assets/cms2/img/pokedex/full/212.png
scizor-mega,70,150,140,75,bug,http://assets.pokemon.com/assets/cms2/img/pokedex/full/212_f2.png
shuckle,20,10,230,5,bug,http://assets.pokemon.com/assets/cms2/img/pokedex/full/213.png
heracross,80,125,75,85,bug,http://assets.pokemon.com/assets/cms2/img/pokedex/full/214.png
heracross-mega,80,185,115,75,bug,http://assets.pokemon.com/assets/cms2/img/pokedex/full/214_f2.png
sneasel,55,95,55,115,dark,http://assets.pokemon.com/assets/cms2/img/pokedex/full/215.png
teddiursa,60,80,50,40,normal,http://assets.pokemon.com/assets/cms2/img/pokedex/full/216.png
ursaring,90,130,75,55,normal,http://assets.pokemon.com/assets/cms2/img/pokedex/full/217.png
slugma,40,40,40,20,fire,http://assets.pokemon.com/assets/cms2/img/pokedex/full/218.png
magcargo,50,50,120,30,fire,http://assets.pokemon.com/assets/cms2/img/pokedex/full/219.png
swinub,50,50,40,50,ice,http://assets.pokemon.com/assets/cms2/img/pokedex/full/220.png
piloswine,100,100,80,50,ice,http://assets.pokemon.com/assets/cms2/img/pokedex/full/221.png
corsola,55,55,85,35,water,http://assets.pokemon.com/assets/cms2/img/pokedex/full/222.png
remoraid,35,65,35,65,water,http://assets.pokemon.com/assets/cms2/img/pokedex/full/223.png
octillery,75,105,75,45,water,http://assets.pokemon.com/assets/cms2/img/pokedex/full/224.png
delibird,45,55,45,75,ice,http://assets.pokemon.com/assets/cms2/img/pokedex/full/225.png
mantine,65,40,70,70,water,http://assets.pokemon.com/assets/cms2/img/pokedex/full/226.png
skarmory,65,80,140,70,steel,http://assets.pokemon.com/assets/cms2/img/pokedex/full/227.png
houndour,45,60,30,65,dark,http://assets.pokemon.com/assets/cms2/img/pokedex/full/228.png
houndoom,75,90,50,95,dark,http://assets.pokemon.com/assets/cms2/img/pokedex/full/229.png
houndoom-mega,75,90,90,115,dark,http://assets.pokemon.com/assets/cms2/img/pokedex/full/229_f2.png
kingdra,75,95,95,85,water,http://assets.pokemon.com/assets/cms2/img/pokedex/full/230.png
phanpy,90,60,60,40,ground,http://assets.pokemon.com/assets/cms2/img/pokedex/full/231.png
donphan,90,120,120,50,ground,http://assets.pokemon.com/assets/cms2/img/pokedex/full/232.png
porygon2,85,80,90,60,normal,http://assets.pokemon.com/assets/cms2/img/pokedex/full/233.png
stantler,73,95,62,85,normal,http://assets.pokemon.com/assets/cms2/img/pokedex/full/234.png
smeargle,55,20,35,75,normal,http://assets.pokemon.com/assets/cms2/img/pokedex/full/235.png
tyrogue,35,35,35,35,fighting,http://assets.pokemon.com/assets/cms2/img/pokedex/full/236.png
hitmontop,50,95,95,70,fighting,http://assets.pokemon.com/assets/cms2/img/pokedex/full/237.png
smoochum,45,30,15,65,ice,http://assets.pokemon.com/assets/cms2/img/pokedex/full/238.png
elekid,45,63,37,95,electric,http://assets.pokemon.com/assets/cms2/img/pokedex/full/239.png
magby,45,75,37,83,fire,http://assets.pokemon.com/assets/cms2/img/pokedex/full/240.png
miltank,95,80,105,100,normal,http://assets.pokemon.com/assets/cms2/img/pokedex/full/241.png
blissey,255,10,10,55,normal,http://assets.pokemon.com/assets/cms2/img/pokedex/full/242.png
raikou,90,85,75,115,electric,http://assets.pokemon.com/assets/cms2/img/pokedex/full/243.png
entei,115,115,85,100,fire,http://assets.pokemon.com/assets/cms2/img/pokedex/full/244.png
suicune,100,75,115,85,water,http://assets.pokemon.com/assets/cms2/img/pokedex/full/245.png
larvitar,50,64,50,41,rock,http://assets.pokemon.com/assets/cms2/img/pokedex/full/246.png
pupitar,70,84,70,51,rock,http://assets.pokemon.com/assets/cms2/img/pokedex/full/247.png
tyranitar,100,134,110,61,rock,http://assets.pokemon.com/assets/cms2/img/pokedex/full/248.png
tyranitar-mega,100,164,150,71,rock,http://assets.pokemon.com/assets/cms2/img/pokedex/full/248_f2.png
lugia,106,90,130,110,psychic,http://assets.pokemon.com/assets/cms2/img/pokedex/full/249.png
ho-oh,106,130,90,90,fire,http://assets.pokemon.com/assets/cms2/img/pokedex/full/250.png
celebi,100,100,100,100,psychic,http://assets.pokemon.com/assets/cms2/img/pokedex/full/251.png
treecko,40,45,35,70,grass,http://assets.pokemon.com/assets/cms2/img/pokedex/full/252.png
grovyle,50,65,45,95,grass,http://assets.pokemon.com/assets/cms2/img/pokedex/full/253.png
sceptile,70,85,65,120,grass,http://assets.pokemon.com/assets/cms2/img/pokedex/full/254.png
sceptile-mega,70,110,75,145,grass,http://assets.pokemon.com/assets/cms2/img/pokedex/full/254_f2.png
torchic,45,60,40,45,fire,http://assets.pokemon.com/assets/cms2/img/pokedex/full/255.png
combusken,60,85,60,55,fire,http://assets.pokemon.com/assets/cms2/img/pokedex/full/256.png
blaziken,80,120,70,80,fire,http://assets.pokemon.com/assets/cms2/img/pokedex/full/257.png
blaziken-mega,80,160,80,100,fire,http://assets.pokemon.com/assets/cms2/img/pokedex/full/257_f2.png
mudkip,50,70,50,40,water,http://assets.pokemon.com/assets/cms2/img/pokedex/full/258.png
marshtomp,70,85,70,50,water,http://assets.pokemon.com/assets/cms2/img/pokedex/full/259.png
swampert,100,110,90,60,water,http://assets.pokemon.com/assets/cms2/img/pokedex/full/260.png
swampert-mega,100,150,110,70,water,http://assets.pokemon.com/assets/cms2/img/pokedex/full/260_f2.png
poochyena,35,55,35,35,dark,http://assets.pokemon.com/assets/cms2/img/pokedex/full/261.png
mightyena,70,90,70,70,dark,http://assets.pokemon.com/assets/cms2/img/pokedex/full/262.png
zigzagoon,38,30,41,60,normal,http://assets.pokemon.com/assets/cms2/img/pokedex/full/263.png
linoone,78,70,61,100,normal,http://assets.pokemon.com/assets/cms2/img/pokedex/full/264.png
wurmple,45,45,35,20,bug,http://assets.pokemon.com/assets/cms2/img/pokedex/full/265.png
silcoon,50,35,55,15,bug,http://assets.pokemon.com/assets/cms2/img/pokedex/full/266.png
beautifly,60,70,50,65,bug,http://assets.pokemon.com/assets/cms2/img/pokedex/full/267.png
cascoon,50,35,55,15,bug,http://assets.pokemon.com/assets/cms2/img/pokedex/full/268.png
dustox,60,50,70,65,bug,http://assets.pokemon.com/assets/cms2/img/pokedex/full/269.png
lotad,40,30,30,30,water,http://assets.pokemon.com/assets/cms2/img/pokedex/full/270.png
lombre,60,50,50,50,water,http://assets.pokemon.com/assets/cms2/img/pokedex/full/271.png
ludicolo,80,70,70,70,water,http://assets.pokemon.com/assets/cms2/img/pokedex/full/272.png
seedot,40,40,50,30,grass,http://assets.pokemon.com/assets/cms2/img/pokedex/full/273.png
nuzleaf,70,70,40,60,grass,http://assets.pokemon.com/assets/cms2/img/pokedex/full/274.png
shiftry,90,100,60,80,grass,http://assets.pokemon.com/assets/cms2/img/pokedex/full/275.png
taillow,40,55,30,85,normal,http://assets.pokemon.com/assets/cms2/img/pokedex/full/276.png
swellow,60,85,60,125,normal,http://assets.pokemon.com/assets/cms2/img/pokedex/full/277.png
wingull,40,30,30,85,water,http://assets.pokemon.com/assets/cms2/img/pokedex/full/278.png
pelipper,60,50,100,65,water,http://assets.pokemon.com/assets/cms2/img/pokedex/full/279.png
ralts,28,25,25,40,psychic,http://assets.pokemon.com/assets/cms2/img/pokedex/full/280.png
kirlia,38,35,35,50,psychic,http://assets.pokemon.com/assets/cms2/img/pokedex/full/281.png
gardevoir,68,65,65,80,psychic,http://assets.pokemon.com/assets/cms2/img/pokedex/full/282.png
gardevoir-mega,68,85,65,100,psychic,http://assets.pokemon.com/assets/cms2/img/pokedex/full/282_f2.png
surskit,40,30,32,65,bug,http://assets.pokemon.com/assets/cms2/img/pokedex/full/283.png
masquerain,70,60,62,60,bug,http://assets.pokemon.com/assets/cms2/img/pokedex/full/284.png
shroomish,60,40,60,35,grass,http://assets.pokemon.com/assets/cms2/img/pokedex/full/285.png
breloom,60,130,80,70,grass,http://assets.pokemon.com/assets/cms2/img/pokedex/full/286.png
slakoth,60,60,60,30,normal,http://assets.pokemon.com/assets/cms2/img/pokedex/full/287.png
vigoroth,80,80,80,90,normal,http://assets.pokemon.com/assets/cms2/img/pokedex/full/288.png
slaking,150,160,100,100,normal,http://assets.pokemon.com/assets/cms2/img/pokedex/full/289.png
nincada,31,45,90,40,bug,http://assets.pokemon.com/assets/cms2/img/pokedex/full/290.png
ninjask,61,90,45,160,bug,http://assets.pokemon.com/assets/cms2/img/pokedex/full/291.png
shedinja,1,90,45,40,bug,http://assets.pokemon.com/assets/cms2/img/pokedex/full/292.png
whismur,64,51,23,28,normal,http://assets.pokemon.com/assets/cms2/img/pokedex/full/293.png
loudred,84,71,43,48,normal,http://assets.pokemon.com/assets/cms2/img/pokedex/full/294.png
exploud,104,91,63,68,normal,http://assets.pokemon.com/assets/cms2/img/pokedex/full/295.png
makuhita,72,60,30,25,fighting,http://assets.pokemon.com/assets/cms2/img/pokedex/full/296.png
hariyama,144,120,60,50,fighting,http://assets.pokemon.com/assets/cms2/img/pokedex/full/297.png
azurill,50,20,40,20,normal,http://assets.pokemon.com/assets/cms2/img/pokedex/full/298.png
nosepass,30,45,135,30,rock,http://assets.pokemon.com/assets/cms2/img/pokedex/full/299.png
skitty,50,45,45,50,normal,http://assets.pokemon.com/assets/cms2/img/pokedex/full/300.png
delcatty,70,65,65,70,normal,http://assets.pokemon.com/assets/cms2/img/pokedex/full/301.png
sableye,50,75,75,50,dark,http://assets.pokemon.com/assets/cms2/img/pokedex/full/302.png
sableye-mega,50,85,125,20,dark,http://assets.pokemon.com/assets/cms2/img/pokedex/full/302_f2.png
mawile,50,85,85,50,steel,http://assets.pokemon.com/assets/cms2/img/pokedex/full/303.png
mawile-mega,50,105,125,50,steel,http://assets.pokemon.com/assets/cms2/img/pokedex/full/303_f2.png
aron,50,70,100,30,steel,http://assets.pokemon.com/assets/cms2/img/pokedex/full/304.png
lairon,60,90,140,40,steel,http://assets.pokemon.com/assets/cms2/img/pokedex/full/305.png
aggron,70,110,180,50,steel,http://assets.pokemon.com/assets/cms2/img/pokedex/full/306.png
aggron-mega,70,140,230,50,steel,http://assets.pokemon.com/assets/cms2/img/pokedex/full/306_f2.png
meditite,30,40,55,60,fighting,http://assets.pokemon.com/assets/cms2/img/pokedex/full/307.png
medicham,60,60,75,80,fighting,http://assets.pokemon.com/assets/cms2/img/pokedex/full/308.png
medicham-mega,60,100,85,100,fighting,http://assets.pokemon.com/assets/cms2/img/pokedex/full/308_f2.png
electrike,40,45,40,65,electric,http://assets.pokemon.com/assets/cms2/img/pokedex/full/309.png
manectric,70,75,60,105,electric,http://assets.pokemon.com/assets/cms2/img/pokedex/full/310.png
manectric-mega,70,75,80,135,electric,http://assets.pokemon.com/assets/cms2/img/pokedex/full/310_f2.png
plusle,60,50,40,95,electric,http://assets.pokemon.com/assets/cms2/img/pokedex/full/311.png
minun,60,40,50,95,electric,http://assets.pokemon.com/assets/cms2/img/pokedex/full/312.png
volbeat,65,73,55,85,bug,http://assets.pokemon.com/assets/cms2/img/pokedex/full/313.png
illumise,65,47,55,85,bug,http://assets.pokemon.com/assets/cms2/img/pokedex/full/314.png
roselia,50,60,45,65,grass,http://assets.pokemon.com/assets/cms2/img/pokedex/full/315.png
gulpin,70,43,53,40,poison,http://assets.pokemon.com/assets/cms2/img/pokedex/full/316.png
swalot,100,73,83,55,poison,http://assets.pokemon.com/assets/cms2/img/pokedex/full/317.png
carvanha,45,90,20,65,water,http://assets.pokemon.com/assets/cms2/img/pokedex/full/318.png
sharpedo,70,120,40,95,water,http://assets.pokemon.com/assets/cms2/img/pokedex/full/319.png
sharpedo-mega,70,140,70,105,water,http://assets.pokemon.com/assets/cms2/img/pokedex/full/319_f2.png
wailmer,130,70,35,60,water,http://assets.pokemon.com/assets/cms2/img/pokedex/full/320.png
wailord,170,90,45,60,water,http://assets.pokemon.com/assets/cms2/img/pokedex/full/321.png
numel,60,60,40,35,fire,http://assets.pokemon.com/assets/cms2/img/pokedex/full/322.png
camerupt,70,100,70,40,fire,http://assets.pokemon.com/assets/cms2/img/pokedex/full/323.png
camerupt-mega,70,120,100,20,fire,http://assets.pokemon.com/assets/cms2/img/pokedex/full/323_f2.png
torkoal,70,85,140,20,fire,http://assets.pokemon.com/assets/cms2/img/pokedex/full/324.png
spoink,60,25,35,60,psychic,http://assets.pokemon.com/assets/cms2/img/pokedex/full/325.png
grumpig,80,45,65,80,psychic,http://assets.pokemon.com/assets/cms2/img/pokedex/full/326.png
spinda,60,60,60,60,normal,http://assets.pokemon.com/assets/cms2/img/pokedex/full/327.png
trapinch,45,100,45,10,ground,http://assets.pokemon.com/assets/cms2/img/pokedex/full/328.png
vibrava,50,70,50,70,ground,http://assets.pokemon.com/assets/cms2/img/pokedex/full/329.png
flygon,80,100,80,100,ground,http://assets.pokemon.com/assets/cms2/img/pokedex/full/330.png
cacnea,50,85,40,35,grass,http://assets.pokemon.com/assets/cms2/img/pokedex/full/331.png
cacturne,70,115,60,55,grass,http://assets.pokemon.com/assets/cms2/img/pokedex/full/332.png
swablu,45,40,60,50,normal,http://assets.pokemon.com/assets/cms2/img/pokedex/full/333.png
altaria,75,70,90,80,dragon,http://assets.pokemon.com/assets/cms2/img/pokedex/full/334.png
altaria-mega,75,110,110,80,dragon,http://assets.pokemon.com/assets/cms2/img/pokedex/full/334_f2.png
zangoose,73,115,60,90,normal,http://assets.pokemon.com/assets/cms2/img/pokedex/full/335.png
seviper,73,100,60,65,poison,http://assets.pokemon.com/assets/cms2/img/pokedex/full/336.png
lunatone,70,55,65,70,rock,http://assets.pokemon.com/assets/cms2/img/pokedex/full/337.png
solrock,70,95,85,70,rock,http://assets.pokemon.com/assets/cms2/img/pokedex/full/338.png
barboach,50,48,43,60,water,http://assets.pokemon.com/assets/cms2/img/pokedex/full/339.png
whiscash,110,78,73,60,water,http://assets.pokemon.com/assets/cms2/img/pokedex/full/340.png
corphish,43,80,65,35,water,http://assets.pokemon.com/assets/cms2/img/pokedex/full/341.png
crawdaunt,63,120,85,55,water,http://assets.pokemon.com/assets/cms2/img/pokedex/full/342.png
baltoy,40,40,55,55,ground,http://assets.pokemon.com/assets/cms2/img/pokedex/full/343.png
claydol,60,70,105,75,ground,http://assets.pokemon.com/assets/cms2/img/pokedex/full/344.png
lileep,66,41,77,23,rock,http://assets.pokemon.com/assets/cms2/img/pokedex/full/345.png
cradily,86,81,97,43,rock,http://assets.pokemon.com/assets/cms2/img/pokedex/full/346.png
anorith,45,95,50,75,rock,http://assets.pokemon.com/assets/cms2/img/pokedex/full/347.png
armaldo,75,125,100,45,rock,http://assets.pokemon.com/assets/cms2/img/pokedex/full/348.png
feebas,20,15,20,80,water,http://assets.pokemon.com/assets/cms2/img/pokedex/full/349.png
milotic,95,60,79,81,water,http://assets.pokemon.com/assets/cms2/img/pokedex/full/350.png
castform,70,70,70,70,normal,http://assets.pokemon.com/assets/cms2/img/pokedex/full/351.png
castform-sunny,70,70,70,70,fire,http://assets.pokemon.com/assets/cms2/img/pokedex/full/351_f2.png
castform-rainy,70,70,70,70,water,http://assets.pokemon.com/assets/cms2/img/pokedex/full/351_f3.png
castform-snowy,70,70,70,70,ice,http://assets.pokemon.com/assets/cms2/img/pokedex/full/351_f4.png
kecleon,60,90,70,40,normal,http://assets.pokemon.com/assets/cms2/img/pokedex/full/352.png
shuppet,44,75,35,45,ghost,http://assets.pokemon.com/assets/cms2/img/pokedex/full/353.png
banette,64,115,65,65,ghost,http://assets.pokemon.com/assets/cms2/img/pokedex/full/354.png
banette-mega,64,165,75,75,ghost,http://assets.pokemon.com/assets/cms2/img/pokedex/full/354_f2.png
duskull,20,40,90,25,ghost,http://assets.pokemon.com/assets/cms2/img/pokedex/full/355.png
dusclops,40,70,130,25,ghost,http://assets.pokemon.com/assets/cms2/img/pokedex/full/356.png
tropius,99,68,83,51,grass,http://assets.pokemon.com/assets/cms2/img/pokedex/full/357.png
chimecho,65,50,70,65,psychic,http://assets.pokemon.com/assets/cms2/img/pokedex/full/358.png
absol,65,130,60,75,dark,http://assets.pokemon.com/assets/cms2/img/pokedex/full/359.png
absol-mega,65,150,60,115,dark,http://assets.pokemon.com/assets/cms2/img/pokedex/full/359_f2.png
wynaut,95,23,48,23,psychic,http://assets.pokemon.com/assets/cms2/img/pokedex/full/360.png
snorunt,50,50,50,50,ice,http://assets.pokemon.com/assets/cms2/img/pokedex/full/361.png
glalie,80,80,80,80,ice,http://assets.pokemon.com/assets/cms2/img/pokedex/full/362.png
glalie-mega,80,120,80,100,ice,http://assets.pokemon.com/assets/cms2/img/pokedex/full/362_f2.png
spheal,70,40,50,25,ice,http://assets.pokemon.com/assets/cms2/img/pokedex/full/363.png
sealeo,90,60,70,45,ice,http://assets.pokemon.com/assets/cms2/img/pokedex/full/364.png
walrein,110,80,90,65,ice,http://assets.pokemon.com/assets/cms2/img/pokedex/full/365.png
clamperl,35,64,85,32,water,http://assets.pokemon.com/assets/cms2/img/pokedex/full/366.png
huntail,55,104,105,52,water,http://assets.pokemon.com/assets/cms2/img/pokedex/full/367.png
gorebyss,55,84,105,52,water,http://assets.pokemon.com/assets/cms2/img/pokedex/full/368.png
relicanth,100,90,130,55,water,http://assets.pokemon.com/assets/cms2/img/pokedex/full/369.png
luvdisc,43,30,55,97,water,http://assets.pokemon.com/assets/cms2/img/pokedex/full/370.png
bagon,45,75,60,50,dragon,http://assets.pokemon.com/assets/cms2/img/pokedex/full/371.png
shelgon,65,95,100,50,dragon,http://assets.pokemon.com/assets/cms2/img/pokedex/full/372.png
salamence,95,135,80,100,dragon,http://assets.pokemon.com/assets/cms2/img/pokedex/full/373.png
salamence-mega,95,145,130,120,dragon,http://assets.pokemon.com/assets/cms2/img/pokedex/full/373_f2.png
beldum,40,55,80,30,steel,http://assets.pokemon.com/assets/cms2/img/pokedex/full/374.png
metang,60,75,100,50,steel,http://assets.pokemon.com/assets/cms2/img/pokedex/full/375.png
metagross,80,135,130,70,steel,http://assets.pokemon.com/assets/cms2/img/pokedex/full/376.png
metagross-mega,80,145,150,110,steel,http://assets.pokemon.com/assets/cms2/img/pokedex/full/376_f2.png
regirock,80,100,200,50,rock,http://assets.pokemon.com/assets/cms2/img/pokedex/full/377.png
regice,80,50,100,50,ice,http://assets.pokemon.com/assets/cms2/img/pokedex/full/378.png
registeel,80,75,150,50,steel,http://assets.pokemon.com/assets/cms2/img/pokedex/full/379.png
latias,80,80,90,110,dragon,http://assets.pokemon.com/assets/cms2/img/pokedex/full/380.png
latias-mega,80,100,120,110,dragon,http://assets.pokemon.com/assets/cms2/img/pokedex/full/380_f2.png
latios,80,90,80,110,dragon,http://assets.pokemon.com/assets/cms2/img/pokedex/full/381.png
latios-mega,80,130,100,110,dragon,http://assets.pokemon.com/assets/cms2/img/pokedex/full/381_f2.png
kyogre,100,100,90,90,water,http://assets.pokemon.com/assets/cms2/img/pokedex/full/382.png
kyogre-primal,100,150,90,90,water,http://assets.pokemon.com/assets/cms2/img/pokedex/full/382_f2.png
groudon,100,150,140,90,ground,http://assets.pokemon.com/assets/cms2/img/pokedex/full/383.png
groudon-primal,100,180,160,90,ground,http://assets.pokemon.com/assets/cms2/img/pokedex/full/383_f2.png
rayquaza,105,150,90,95,dragon,http://assets.pokemon.com/assets/cms2/img/pokedex/full/384.png
rayquaza-mega,105,180,100,115,dragon,http://assets.pokemon.com/assets/cms2/img/pokedex/full/384_f2.png
jirachi,100,100,100,100,steel,http://assets.pokemon.com/assets/cms2/img/pokedex/full/385.png
deoxys-normal,50,150,50,150,psychic,http://assets.pokemon.com/assets/cms2/img/pokedex/full/386.png
deoxys-attack,50,180,20,150,psychic,http://assets.pokemon.com/assets/cms2/img/pokedex/full/386_f2.png
deoxys-defense,50,70,160,90,psychic,http://assets.pokemon.com/assets/cms2/img/pokedex/full/386_f3.png
deoxys-speed,50,95,90,180,psychic,http://assets.pokemon.com/assets/cms2/img/pokedex/full/386_f4.png
turtwig,55,68,64,31,grass,http://assets.pokemon.com/assets/cms2/img/pokedex/full/387.png
grotle,75,89,85,36,grass,http://assets.pokemon.com/assets/cms2/img/pokedex/full/388.png
torterra,95,109,105,56,grass,http://assets.pokemon.com/assets/cms2/img/pokedex/full/389.png
chimchar,44,58,44,61,fire,http://assets.pokemon.com/assets/cms2/img/pokedex/full/390.png
monferno,64,78,52,81,fire,http://assets.pokemon.com/assets/cms2/img/pokedex/full/391.png
infernape,76,104,71,108,fire,http://assets.pokemon.com/assets/cms2/img/pokedex/full/392.png
piplup,53,51,53,40,water,http://assets.pokemon.com/assets/cms2/img/pokedex/full/393.png
prinplup,64,66,68,50,water,http://assets.pokemon.com/assets/cms2/img/pokedex/full/394.png
empoleon,84,86,88,60,water,http://assets.pokemon.com/assets/cms2/img/pokedex/full/395.png
starly,40,55,30,60,normal,http://assets.pokemon.com/assets/cms2/img/pokedex/full/396.png
staravia,55,75,50,80,normal,http://assets.pokemon.com/assets/cms2/img/pokedex/full/397.png
staraptor,85,120,70,100,normal,http://assets.pokemon.com/assets/cms2/img/pokedex/full/398.png
bidoof,59,45,40,31,normal,http://assets.pokemon.com/assets/cms2/img/pokedex/full/399.png
bibarel,79,85,60,71,normal,http://assets.pokemon.com/assets/cms2/img/pokedex/full/400.png
kricketot,37,25,41,25,bug,http://assets.pokemon.com/assets/cms2/img/pokedex/full/401.png
kricketune,77,85,51,65,bug,http://assets.pokemon.com/assets/cms2/img/pokedex/full/402.png
shinx,45,65,34,45,electric,http://assets.pokemon.com/assets/cms2/img/pokedex/full/403.png
luxio,60,85,49,60,electric,http://assets.pokemon.com/assets/cms2/img/pokedex/full/404.png
luxray,80,120,79,70,electric,http://assets.pokemon.com/assets/cms2/img/pokedex/full/405.png
budew,40,30,35,55,grass,http://assets.pokemon.com/assets/cms2/img/pokedex/full/406.png
roserade,60,70,65,90,grass,http://assets.pokemon.com/assets/cms2/img/pokedex/full/407.png
cranidos,67,125,40,58,rock,http://assets.pokemon.com/assets/cms2/img/pokedex/full/408.png
rampardos,97,165,60,58,rock,http://assets.pokemon.com/assets/cms2/img/pokedex/full/409.png
shieldon,30,42,118,30,rock,http://assets.pokemon.com/assets/cms2/img/pokedex/full/410.png
bastiodon,60,52,168,30,rock,http://assets.pokemon.com/assets/cms2/img/pokedex/full/411.png
burmy,40,29,45,36,bug,http://assets.pokemon.com/assets/cms2/img/pokedex/full/412.png
wormadam-plant,60,59,85,36,bug,http://assets.pokemon.com/assets/cms2/img/pokedex/full/413.png
wormadam-sandy,60,79,105,36,bug,http://assets.pokemon.com/assets/cms2/img/pokedex/full/413_f2.png
wormadam-trash,60,69,95,36,bug,http://assets.pokemon.com/assets/cms2/img/pokedex/full/413_f3.png
mothim,70,94,50,66,bug,http://assets.pokemon.com/assets/cms2/img/pokedex/full/414.png
combee,30,30,42,70,bug,http://assets.pokemon.com/assets/cms2/img/pokedex/full/415.png
vespiquen,70,80,102,40,bug,http://assets.pokemon.com/assets/cms2/img/pokedex/full/416.png
pachirisu,60,45,70,95,electric,http://assets.pokemon.com/assets/cms2/img/pokedex/full/417.png
buizel,55,65,35,85,water,http://assets.pokemon.com/assets/cms2/img/pokedex/full/418.png
floatzel,85,105,55,115,water,http://assets.pokemon.com/assets/cms2/img/pokedex/full/419.png
cherubi,45,35,45,35,grass,http://assets.pokemon.com/assets/cms2/img/pokedex/full/420.png
cherrim,70,60,70,85,grass,http://assets.pokemon.com/assets/cms2/img/pokedex/full/421.png
shellos,76,48,48,34,water,http://assets.pokemon.com/assets/cms2/img/pokedex/full/422.png
gastrodon,111,83,68,39,water,http://assets.pokemon.com/assets/cms2/img/pokedex/full/423.png
ambipom,75,100,66,115,normal,http://assets.pokemon.com/assets/cms2/img/pokedex/full/424.png
drifloon,90,50,34,70,ghost,http://assets.pokemon.com/assets/cms2/img/pokedex/full/425.png
drifblim,150,80,44,80,ghost,http://assets.pokemon.com/assets/cms2/img/pokedex/full/426.png
buneary,55,66,44,85,normal,http://assets.pokemon.com/assets/cms2/img/pokedex/full/427.png
lopunny,65,76,84,105,normal,http://assets.pokemon.com/assets/cms2/img/pokedex/full/428.png
lopunny-mega,65,136,94,135,normal,http://assets.pokemon.com/assets/cms2/img/pokedex/full/428_f2.png
mismagius,60,60,60,105,ghost,http://assets.pokemon.com/assets/cms2/img/pokedex/full/429.png
honchkrow,100,125,52,71,dark,http://assets.pokemon.com/assets/cms2/img/pokedex/full/430.png
glameow,49,55,42,85,normal,http://assets.pokemon.com/assets/cms2/img/pokedex/full/431.png
purugly,71,82,64,112,normal,http://assets.pokemon.com/assets/cms2/img/pokedex/full/432.png
chingling,45,30,50,45,psychic,http://assets.pokemon.com/assets/cms2/img/pokedex/full/433.png
stunky,63,63,47,74,poison,http://assets.pokemon.com/assets/cms2/img/pokedex/full/434.png
skuntank,103,93,67,84,poison,http://assets.pokemon.com/assets/cms2/img/pokedex/full/435.png
bronzor,57,24,86,23,steel,http://assets.pokemon.com/assets/cms2/img/pokedex/full/436.png
bronzong,67,89,116,33,steel,http://assets.pokemon.com/assets/cms2/img/pokedex/full/437.png
bonsly,50,80,95,10,rock,http://assets.pokemon.com/assets/cms2/img/pokedex/full/438.png
mime-jr,20,25,45,60,psychic,http://assets.pokemon.com/assets/cms2/img/pokedex/full/439.png
happiny,100,5,5,30,normal,http://assets.pokemon.com/assets/cms2/img/pokedex/full/440.png
chatot,76,65,45,91,normal,http://assets.pokemon.com/assets/cms2/img/pokedex/full/441.png
spiritomb,50,92,108,35,ghost,http://assets.pokemon.com/assets/cms2/img/pokedex/full/442.png
gible,58,70,45,42,dragon,http://assets.pokemon.com/assets/cms2/img/pokedex/full/443.png
gabite,68,90,65,82,dragon,http://assets.pokemon.com/assets/cms2/img/pokedex/full/444.png
garchomp,108,130,95,102,dragon,http://assets.pokemon.com/assets/cms2/img/pokedex/full/445.png
garchomp-mega,108,170,115,92,dragon,http://assets.pokemon.com/assets/cms2/img/pokedex/full/445_f2.png
munchlax,135,85,40,5,normal,http://assets.pokemon.com/assets/cms2/img/pokedex/full/446.png
riolu,40,70,40,60,fighting,http://assets.pokemon.com/assets/cms2/img/pokedex/full/447.png
lucario,70,110,70,90,fighting,http://assets.pokemon.com/assets/cms2/img/pokedex/full/448.png
lucario-mega,70,145,88,112,fighting,http://assets.pokemon.com/assets/cms2/img/pokedex/full/448_f2.png
hippopotas,68,72,78,32,ground,http://assets.pokemon.com/assets/cms2/img/pokedex/full/449.png
hippowdon,108,112,118,47,ground,http://assets.pokemon.com/assets/cms2/img/pokedex/full/450.png
skorupi,40,50,90,65,poison,http://assets.pokemon.com/assets/cms2/img/pokedex/full/451.png
drapion,70,90,110,95,poison,http://assets.pokemon.com/assets/cms2/img/pokedex/full/452.png
croagunk,48,61,40,50,poison,http://assets.pokemon.com/assets/cms2/img/pokedex/full/453.png
toxicroak,83,106,65,85,poison,http://assets.pokemon.com/assets/cms2/img/pokedex/full/454.png
carnivine,74,100,72,46,grass,http://assets.pokemon.com/assets/cms2/img/pokedex/full/455.png
finneon,49,49,56,66,water,http://assets.pokemon.com/assets/cms2/img/pokedex/full/456.png
lumineon,69,69,76,91,water,http://assets.pokemon.com/assets/cms2/img/pokedex/full/457.png
mantyke,45,20,50,50,water,http://assets.pokemon.com/assets/cms2/img/pokedex/full/458.png
snover,60,62,50,40,grass,http://assets.pokemon.com/assets/cms2/img/pokedex/full/459.png
abomasnow,90,92,75,60,grass,http://assets.pokemon.com/assets/cms2/img/pokedex/full/460.png
abomasnow-mega,90,132,105,30,grass,http://assets.pokemon.com/assets/cms2/img/pokedex/full/460_f2.png
weavile,70,120,65,125,dark,http://assets.pokemon.com/assets/cms2/img/pokedex/full/461.png
magnezone,70,70,115,60,electric,http://assets.pokemon.com/assets/cms2/img/pokedex/full/462.png
lickilicky,110,85,95,50,normal,http://assets.pokemon.com/assets/cms2/img/pokedex/full/463.png
rhyperior,115,140,130,40,ground,http://assets.pokemon.com/assets/cms2/img/pokedex/full/464.png
tangrowth,100,100,125,50,grass,http://assets.pokemon.com/assets/cms2/img/pokedex/full/465.png
electivire,75,123,67,95,electric,http://assets.pokemon.com/assets/cms2/img/pokedex/full/466.png
magmortar,75,95,67,83,fire,http://assets.pokemon.com/assets/cms2/img/pokedex/full/467.png
togekiss,85,50,95,80,fairy,http://assets.pokemon.com/assets/cms2/img/pokedex/full/468.png
yanmega,86,76,86,95,bug,http://assets.pokemon.com/assets/cms2/img/pokedex/full/469.png
leafeon,65,110,130,95,grass,http://assets.pokemon.com/assets/cms2/img/pokedex/full/470.png
glaceon,65,60,110,65,ice,http://assets.pokemon.com/assets/cms2/img/pokedex/full/471.png
gliscor,75,95,125,95,ground,http://assets.pokemon.com/assets/cms2/img/pokedex/full/472.png
mamoswine,110,130,80,80,ice,http://assets.pokemon.com/assets/cms2/img/pokedex/full/473.png
porygon-z,85,80,70,90,normal,http://assets.pokemon.com/assets/cms2/img/pokedex/full/474.png
gallade,68,125,65,80,psychic,http://assets.pokemon.com/assets/cms2/img/pokedex/full/475.png
gallade-mega,68,165,95,110,psychic,http://assets.pokemon.com/assets/cms2/img/pokedex/full/475_f2.png
probopass,60,55,145,40,rock,http://assets.pokemon.com/assets/cms2/img/pokedex/full/476.png
dusknoir,45,100,135,45,ghost,http://assets.pokemon.com/assets/cms2/img/pokedex/full/477.png
froslass,70,80,70,110,ice,http://assets.pokemon.com/assets/cms2/img/pokedex/full/478.png
rotom,50,50,77,91,electric,http://assets.pokemon.com/assets/cms2/img/pokedex/full/479.png
rotom-heat,50,65,107,86,electric,http://assets.pokemon.com/assets/cms2/img/pokedex/full/479_f2.png
rotom-wash,50,65,107,86,electric,http://assets.pokemon.com/assets/cms2/img/pokedex/full/479_f3.png
rotom-frost,50,65,107,86,electric,http://assets.pokemon.com/assets/cms2/img/pokedex/full/479_f4.png
rotom-fan,50,65,107,86,electric,http://assets.pokemon.com/assets/cms2/img/pokedex/full/479_f5.png
rotom-mow,50,65,107,86,electric,http://assets.pokemon.com/assets/cms2/img/pokedex/full/479_f6.png
uxie,75,75,130,95,psychic,http://assets.pokemon.com/assets/cms2/img/pokedex/full/480.png
mesprit,80,105,105,80,psychic,http://assets.pokemon.com/assets/cms2/img/pokedex/full/481.png
azelf,75,125,70,115,psychic,http://assets.pokemon.com/assets/cms2/img/pokedex/full/482.png
dialga,100,120,120,90,steel,http://assets.pokemon.com/assets/cms2/img/pokedex/full/483.png
palkia,90,120,100,100,water,http://assets.pokemon.com/assets/cms2/img/pokedex/full/484.png
heatran,91,90,106,77,fire,http://assets.pokemon.com/assets/cms2/img/pokedex/full/485.png
regigigas,110,160,110,100,normal,http://assets.pokemon.com/assets/cms2/img/pokedex/full/486.png
giratina-altered,150,100,120,90,ghost,http://assets.pokemon.com/assets/cms2/img/pokedex/full/487.png
giratina-origin,150,120,100,90,ghost,http://assets.pokemon.com/assets/cms2/img/pokedex/full/487_f2.png
cresselia,120,70,120,85,psychic,http://assets.pokemon.com/assets/cms2/img/pokedex/full/488.png
phione,80,80,80,80,water,http://assets.pokemon.com/assets/cms2/img/pokedex/full/489.png
manaphy,100,100,100,100,water,http://assets.pokemon.com/assets/cms2/img/pokedex/full/490.png
darkrai,70,90,90,125,dark,http://assets.pokemon.com/assets/cms2/img/pokedex/full/491.png
shaymin-land,100,100,100,100,grass,http://assets.pokemon.com/assets/cms2/img/pokedex/full/492.png
shaymin-sky,100,103,75,127,grass,http://assets.pokemon.com/assets/cms2/img/pokedex/full/492_f2.png
arceus,120,120,120,120,normal,http://assets.pokemon.com/assets/cms2/img/pokedex/full/493.png
victini,100,100,100,100,psychic,http://assets.pokemon.com/assets/cms2/img/pokedex/full/494.png
snivy,45,45,55,63,grass,http://assets.pokemon.com/assets/cms2/img/pokedex/full/495.png
servine,60,60,75,83,grass,http://assets.pokemon.com/assets/cms2/img/pokedex/full/496.png
serperior,75,75,95,113,grass,http://assets.pokemon.com/assets/cms2/img/pokedex/full/497.png
tepig,65,63,45,45,fire,http://assets.pokemon.com/assets/cms2/img/pokedex/full/498.png
pignite,90,93,55,55,fire,http://assets.pokemon.com/assets/cms2/img/pokedex/full/499.png
emboar,110,123,65,65,fire,http://assets.pokemon.com/assets/cms2/img/pokedex/full/500.png
oshawott,55,55,45,45,water,http://assets.pokemon.com/assets/cms2/img/pokedex/full/501.png
dewott,75,75,60,60,water,http://assets.pokemon.com/assets/cms2/img/pokedex/full/502.png
samurott,95,100,85,70,water,http://assets.pokemon.com/assets/cms2/img/pokedex/full/503.png
patrat,45,55,39,42,normal,http://assets.pokemon.com/assets/cms2/img/pokedex/full/504.png
watchog,60,85,69,77,normal,http://assets.pokemon.com/assets/cms2/img/pokedex/full/505.png
lillipup,45,60,45,55,normal,http://assets.pokemon.com/assets/cms2/img/pokedex/full/506.png
herdier,65,80,65,60,normal,http://assets.pokemon.com/assets/cms2/img/pokedex/full/507.png
stoutland,85,110,90,80,normal,http://assets.pokemon.com/assets/cms2/img/pokedex/full/508.png
purrloin,41,50,37,66,dark,http://assets.pokemon.com/assets/cms2/img/pokedex/full/509.png
liepard,64,88,50,106,dark,http://assets.pokemon.com/assets/cms2/img/pokedex/full/510.png
pansage,50,53,48,64,grass,http://assets.pokemon.com/assets/cms2/img/pokedex/full/511.png
simisage,75,98,63,101,grass,http://assets.pokemon.com/assets/cms2/img/pokedex/full/512.png
pansear,50,53,48,64,fire,http://assets.pokemon.com/assets/cms2/img/pokedex/full/513.png
simisear,75,98,63,101,fire,http://assets.pokemon.com/assets/cms2/img/pokedex/full/514.png
panpour,50,53,48,64,water,http://assets.pokemon.com/assets/cms2/img/pokedex/full/515.png
simipour,75,98,63,101,water,http://assets.pokemon.com/assets/cms2/img/pokedex/full/516.png
munna,76,25,45,24,psychic,http://assets.pokemon.com/assets/cms2/img/pokedex/full/517.png
musharna,116,55,85,29,psychic,http://assets.pokemon.com/assets/cms2/img/pokedex/full/518.png
pidove,50,55,50,43,normal,http://assets.pokemon.com/assets/cms2/img/pokedex/full/519.png
tranquill,62,77,62,65,normal,http://assets.pokemon.com/assets/cms2/img/pokedex/full/520.png
unfezant,80,115,80,93,normal,http://assets.pokemon.com/assets/cms2/img/pokedex/full/521.png
blitzle,45,60,32,76,electric,http://assets.pokemon.com/assets/cms2/img/pokedex/full/522.png
zebstrika,75,100,63,116,electric,http://assets.pokemon.com/assets/cms2/img/pokedex/full/523.png
roggenrola,55,75,85,15,rock,http://assets.pokemon.com/assets/cms2/img/pokedex/full/524.png
boldore,70,105,105,20,rock,http://assets.pokemon.com/assets/cms2/img/pokedex/full/525.png
gigalith,85,135,130,25,rock,http://assets.pokemon.com/assets/cms2/img/pokedex/full/526.png
woobat,55,45,43,72,psychic,http://assets.pokemon.com/assets/cms2/img/pokedex/full/527.png
swoobat,67,57,55,114,psychic,http://assets.pokemon.com/assets/cms2/img/pokedex/full/528.png
drilbur,60,85,40,68,ground,http://assets.pokemon.com/assets/cms2/img/pokedex/full/529.png
excadrill,110,135,60,88,ground,http://assets.pokemon.com/assets/cms2/img/pokedex/full/530.png
audino,103,60,86,50,normal,http://assets.pokemon.com/assets/cms2/img/pokedex/full/531.png
audino-mega,103,60,126,50,normal,http://assets.pokemon.com/assets/cms2/img/pokedex/full/531_f2.png
timburr,75,80,55,35,fighting,http://assets.pokemon.com/assets/cms2/img/pokedex/full/532.png
gurdurr,85,105,85,40,fighting,http://assets.pokemon.com/assets/cms2/img/pokedex/full/533.png
conkeldurr,105,140,95,45,fighting,http://assets.pokemon.com/assets/cms2/img/pokedex/full/534.png
tympole,50,50,40,64,water,http://assets.pokemon.com/assets/cms2/img/pokedex/full/535.png
palpitoad,75,65,55,69,water,http://assets.pokemon.com/assets/cms2/img/pokedex/full/536.png
seismitoad,105,95,75,74,water,http://assets.pokemon.com/assets/cms2/img/pokedex/full/537.png
throh,120,100,85,45,fighting,http://assets.pokemon.com/assets/cms2/img/pokedex/full/538.png
sawk,75,125,75,85,fighting,http://assets.pokemon.com/assets/cms2/img/pokedex/full/539.png
sewaddle,45,53,70,42,bug,http://assets.pokemon.com/assets/cms2/img/pokedex/full/540.png
swadloon,55,63,90,42,bug,http://assets.pokemon.com/assets/cms2/img/pokedex/full/541.png
leavanny,75,103,80,92,bug,http://assets.pokemon.com/assets/cms2/img/pokedex/full/542.png
venipede,30,45,59,57,bug,http://assets.pokemon.com/assets/cms2/img/pokedex/full/543.png
whirlipede,40,55,99,47,bug,http://assets.pokemon.com/assets/cms2/img/pokedex/full/544.png
scolipede,60,100,89,112,bug,http://assets.pokemon.com/assets/cms2/img/pokedex/full/545.png
cottonee,40,27,60,66,grass,http://assets.pokemon.com/assets/cms2/img/pokedex/full/546.png
whimsicott,60,67,85,116,grass,http://assets.pokemon.com/assets/cms2/img/pokedex/full/547.png
petilil,45,35,50,30,grass,http://assets.pokemon.com/assets/cms2/img/pokedex/full/548.png
lilligant,70,60,75,90,grass,http://assets.pokemon.com/assets/cms2/img/pokedex/full/549.png
basculin-red-striped,70,92,65,98,water,http://assets.pokemon.com/assets/cms2/img/pokedex/full/550.png
basculin-blue-striped,70,92,65,98,water,http://assets.pokemon.com/assets/cms2/img/pokedex/full/550_f2.png
sandile,50,72,35,65,ground,http://assets.pokemon.com/assets/cms2/img/pokedex/full/551.png
krokorok,60,82,45,74,ground,http://assets.pokemon.com/assets/cms2/img/pokedex/full/552.png
krookodile,95,117,80,92,ground,http://assets.pokemon.com/assets/cms2/img/pokedex/full/553.png
darumaka,70,90,45,50,fire,http://assets.pokemon.com/assets/cms2/img/pokedex/full/554.png
darmanitan-standard,105,140,55,95,fire,http://assets.pokemon.com/assets/cms2/img/pokedex/full/555.png
darmanitan-zen,105,30,105,55,fire,http://assets.pokemon.com/assets/cms2/img/pokedex/full/555_f2.png
maractus,75,86,67,60,grass,http://assets.pokemon.com/assets/cms2/img/pokedex/full/556.png
dwebble,50,65,85,55,bug,http://assets.pokemon.com/assets/cms2/img/pokedex/full/557.png
crustle,70,95,125,45,bug,http://assets.pokemon.com/assets/cms2/img/pokedex/full/558.png
scraggy,50,75,70,48,dark,http://assets.pokemon.com/assets/cms2/img/pokedex/full/559.png
scrafty,65,90,115,58,dark,http://assets.pokemon.com/assets/cms2/img/pokedex/full/560.png
sigilyph,72,58,80,97,psychic,http://assets.pokemon.com/assets/cms2/img/pokedex/full/561.png
yamask,38,30,85,30,ghost,http://assets.pokemon.com/assets/cms2/img/pokedex/full/562.png
cofagrigus,58,50,145,30,ghost,http://assets.pokemon.com/assets/cms2/img/pokedex/full/563.png
tirtouga,54,78,103,22,water,http://assets.pokemon.com/assets/cms2/img/pokedex/full/564.png
carracosta,74,108,133,32,water,http://assets.pokemon.com/assets/cms2/img/pokedex/full/565.png
archen,55,112,45,70,rock,http://assets.pokemon.com/assets/cms2/img/pokedex/full/566.png
archeops,75,140,65,110,rock,http://assets.pokemon.com/assets/cms2/img/pokedex/full/567.png
trubbish,50,50,62,65,poison,http://assets.pokemon.com/assets/cms2/img/pokedex/full/568.png
garbodor,80,95,82,75,poison,http://assets.pokemon.com/assets/cms2/img/pokedex/full/569.png
zorua,40,65,40,65,dark,http://assets.pokemon.com/assets/cms2/img/pokedex/full/570.png
zoroark,60,105,60,105,dark,http://assets.pokemon.com/assets/cms2/img/pokedex/full/571.png
minccino,55,50,40,75,normal,http://assets.pokemon.com/assets/cms2/img/pokedex/full/572.png
cinccino,75,95,60,115,normal,http://assets.pokemon.com/assets/cms2/img/pokedex/full/573.png
gothita,45,30,50,45,psychic,http://assets.pokemon.com/assets/cms2/img/pokedex/full/574.png
gothorita,60,45,70,55,psychic,http://assets.pokemon.com/assets/cms2/img/pokedex/full/575.png
gothitelle,70,55,95,65,psychic,http://assets.pokemon.com/assets/cms2/img/pokedex/full/576.png
solosis,45,30,40,20,psychic,http://assets.pokemon.com/assets/cms2/img/pokedex/full/577.png
duosion,65,40,50,30,psychic,http://assets.pokemon.com/assets/cms2/img/pokedex/full/578.png
reuniclus,110,65,75,30,psychic,http://assets.pokemon.com/assets/cms2/img/pokedex/full/579.png
ducklett,62,44,50,55,water,http://assets.pokemon.com/assets/cms2/img/pokedex/full/580.png
swanna,75,87,63,98,water,http://assets.pokemon.com/assets/cms2/img/pokedex/full/581.png
vanillite,36,50,50,44,ice,http://assets.pokemon.com/assets/cms2/img/pokedex/full/582.png
vanillish,51,65,65,59,ice,http://assets.pokemon.com/assets/cms2/img/pokedex/full/583.png
vanilluxe,71,95,85,79,ice,http://assets.pokemon.com/assets/cms2/img/pokedex/full/584.png
deerling,60,60,50,75,normal,http://assets.pokemon.com/assets/cms2/img/pokedex/full/585.png
sawsbuck,80,100,70,95,normal,http://assets.pokemon.com/assets/cms2/img/pokedex/full/586.png
emolga,55,75,60,103,electric,http://assets.pokemon.com/assets/cms2/img/pokedex/full/587.png
karrablast,50,75,45,60,bug,http://assets.pokemon.com/assets/cms2/img/pokedex/full/588.png
escavalier,70,135,105,20,bug,http://assets.pokemon.com/assets/cms2/img/pokedex/full/589.png
foongus,69,55,45,15,grass,http://assets.pokemon.com/assets/cms2/img/pokedex/full/590.png
amoonguss,114,85,70,30,grass,http://assets.pokemon.com/assets/cms2/img/pokedex/full/591.png
frillish,55,40,50,40,water,http://assets.pokemon.com/assets/cms2/img/pokedex/full/592.png
jellicent,100,60,70,60,water,http://assets.pokemon.com/assets/cms2/img/pokedex/full/593.png
alomomola,165,75,80,65,water,http://assets.pokemon.com/assets/cms2/img/pokedex/full/594.png
joltik,50,47,50,65,bug,http://assets.pokemon.com/assets/cms2/img/pokedex/full/595.png
galvantula,70,77,60,108,bug,http://assets.pokemon.com/assets/cms2/img/pokedex/full/596.png
ferroseed,44,50,91,10,grass,http://assets.pokemon.com/assets/cms2/img/pokedex/full/597.png
ferrothorn,74,94,131,20,grass,http://assets.pokemon.com/assets/cms2/img/pokedex/full/598.png
klink,40,55,70,30,steel,http://assets.pokemon.com/assets/cms2/img/pokedex/full/599.png
klang,60,80,95,50,steel,http://assets.pokemon.com/assets/cms2/img/pokedex/full/600.png
klinklang,60,100,115,90,steel,http://assets.pokemon.com/assets/cms2/img/pokedex/full/601.png
tynamo,35,55,40,60,electric,http://assets.pokemon.com/assets/cms2/img/pokedex/full/602.png
eelektrik,65,85,70,40,electric,http://assets.pokemon.com/assets/cms2/img/pokedex/full/603.png
eelektross,85,115,80,50,electric,http://assets.pokemon.com/assets/cms2/img/pokedex/full/604.png
elgyem,55,55,55,30,psychic,http://assets.pokemon.com/assets/cms2/img/pokedex/full/605.png
beheeyem,75,75,75,40,psychic,http://assets.pokemon.com/assets/cms2/img/pokedex/full/606.png
litwick,50,30,55,20,ghost,http://assets.pokemon.com/assets/cms2/img/pokedex/full/607.png
lampent,60,40,60,55,ghost,http://assets.pokemon.com/assets/cms2/img/pokedex/full/608.png
chandelure,60,55,90,80,ghost,http://assets.pokemon.com/assets/cms2/img/pokedex/full/609.png
axew,46,87,60,57,dragon,http://assets.pokemon.com/assets/cms2/img/pokedex/full/610.png
fraxure,66,117,70,67,dragon,http://assets.pokemon.com/assets/cms2/img/pokedex/full/611.png
haxorus,76,147,90,97,dragon,http://assets.pokemon.com/assets/cms2/img/pokedex/full/612.png
cubchoo,55,70,40,40,ice,http://assets.pokemon.com/assets/cms2/img/pokedex/full/613.png
beartic,95,110,80,50,ice,http://assets.pokemon.com/assets/cms2/img/pokedex/full/614.png
cryogonal,70,50,30,105,ice,http://assets.pokemon.com/assets/cms2/img/pokedex/full/615.png
shelmet,50,40,85,25,bug,http://assets.pokemon.com/assets/cms2/img/pokedex/full/616.png
accelgor,80,70,40,145,bug,http://assets.pokemon.com/assets/cms2/img/pokedex/full/617.png
stunfisk,109,66,84,32,ground,http://assets.pokemon.com/assets/cms2/img/pokedex/full/618.png
mienfoo,45,85,50,65,fighting,http://assets.pokemon.com/assets/cms2/img/pokedex/full/619.png
mienshao,65,125,60,105,fighting,http://assets.pokemon.com/assets/cms2/img/pokedex/full/620.png
druddigon,77,120,90,48,dragon,http://assets.pokemon.com/assets/cms2/img/pokedex/full/621.png
golett,59,74,50,35,ground,http://assets.pokemon.com/assets/cms2/img/pokedex/full/622.png
golurk,89,124,80,55,ground,http://assets.pokemon.com/assets/cms2/img/pokedex/full/623.png
pawniard,45,85,70,60,dark,http://assets.pokemon.com/assets/cms2/img/pokedex/full/624.png
bisharp,65,125,100,70,dark,http://assets.pokemon.com/assets/cms2/img/pokedex/full/625.png
bouffalant,95,110,95,55,normal,http://assets.pokemon.com/assets/cms2/img/pokedex/full/626.png
rufflet,70,83,50,60,normal,http://assets.pokemon.com/assets/cms2/img/pokedex/full/627.png
braviary,100,123,75,80,normal,http://assets.pokemon.com/assets/cms2/img/pokedex/full/628.png
vullaby,70,55,75,60,dark,http://assets.pokemon.com/assets/cms2/img/pokedex/full/629.png
mandibuzz,110,65,105,80,dark,http://assets.pokemon.com/assets/cms2/img/pokedex/full/630.png
heatmor,85,97,66,65,fire,http://assets.pokemon.com/assets/cms2/img/pokedex/full/631.png
durant,58,109,112,109,bug,http://assets.pokemon.com/assets/cms2/img/pokedex/full/632.png
deino,52,65,50,38,dark,http://assets.pokemon.com/assets/cms2/img/pokedex/full/633.png
zweilous,72,85,70,58,dark,http://assets.pokemon.com/assets/cms2/img/pokedex/full/634.png
hydreigon,92,105,90,98,dark,http://assets.pokemon.com/assets/cms2/img/pokedex/full/635.png
larvesta,55,85,55,60,bug,http://assets.pokemon.com/assets/cms2/img/pokedex/full/636.png
volcarona,85,60,65,100,bug,http://assets.pokemon.com/assets/cms2/img/pokedex/full/637.png
cobalion,91,90,129,108,steel,http://assets.pokemon.com/assets/cms2/img/pokedex/full/638.png
terrakion,91,129,90,108,rock,http://assets.pokemon.com/assets/cms2/img/pokedex/full/639.png
virizion,91,90,72,108,grass,http://assets.pokemon.com/assets/cms2/img/pokedex/full/640.png
tornadus-incarnate,79,115,70,111,flying,http://assets.pokemon.com/assets/cms2/img/pokedex/full/641.png
tornadus-therian,79,100,80,121,flying,http://assets.pokemon.com/assets/cms2/img/pokedex/full/641_f2.png
thundurus-incarnate,79,115,70,111,electric,http://assets.pokemon.com/assets/cms2/img/pokedex/full/642.png
thundurus-therian,79,105,70,101,electric,http://assets.pokemon.com/assets/cms2/img/pokedex/full/642_f2.png
reshiram,100,120,100,90,dragon,http://assets.pokemon.com/assets/cms2/img/pokedex/full/643.png
zekrom,100,150,120,90,dragon,http://assets.pokemon.com/assets/cms2/img/pokedex/full/644.png
landorus-incarnate,89,125,90,101,ground,http://assets.pokemon.com/assets/cms2/img/pokedex/full/645.png
landorus-therian,89,145,90,91,ground,http://assets.pokemon.com/assets/cms2/img/pokedex/full/645_f2.png
kyurem,125,130,90,95,dragon,http://assets.pokemon.com/assets/cms2/img/pokedex/full/646.png
kyurem-black,125,170,100,95,dragon,http://assets.pokemon.com/assets/cms2/img/pokedex/full/646_f2.png
kyurem-white,125,120,90,95,dragon,http://assets.pokemon.com/assets/cms2/img/pokedex/full/646_f3.png
keldeo-ordinary,91,72,90,108,water,http://assets.pokemon.com/assets/cms2/img/pokedex/full/647.png
keldeo-resolute,91,72,90,108,water,http://assets.pokemon.com/assets/cms2/img/pokedex/full/647_f2.png
meloetta-aria,100,77,77,90,normal,http://assets.pokemon.com/assets/cms2/img/pokedex/full/648.png
meloetta-pirouette,100,128,90,128,normal,http://assets.pokemon.com/assets/cms2/img/pokedex/full/648_f2.png
genesect,71,120,95,99,bug,http://assets.pokemon.com/assets/cms2/img/pokedex/full/649.png
chespin,56,61,65,38,grass,http://assets.pokemon.com/assets/cms2/img/pokedex/full/650.png
quilladin,61,78,95,57,grass,http://assets.pokemon.com/assets/cms2/img/pokedex/full/651.png
chesnaught,88,107,122,64,grass,http://assets.pokemon.com/assets/cms2/img/pokedex/full/652.png
fennekin,40,45,40,60,fire,http://assets.pokemon.com/assets/cms2/img/pokedex/full/653.png
braixen,59,59,58,73,fire,http://assets.pokemon.com/assets/cms2/img/pokedex/full/654.png
delphox,75,69,72,104,fire,http://assets.pokemon.com/assets/cms2/img/pokedex/full/655.png
froakie,41,56,40,71,water,http://assets.pokemon.com/assets/cms2/img/pokedex/full/656.png
frogadier,54,63,52,97,water,http://assets.pokemon.com/assets/cms2/img/pokedex/full/657.png
greninja,72,95,67,122,water,http://assets.pokemon.com/assets/cms2/img/pokedex/full/658.png
bunnelby,38,36,38,57,normal,http://assets.pokemon.com/assets/cms2/img/pokedex/full/659.png
diggersby,85,56,77,78,normal,http://assets.pokemon.com/assets/cms2/img/pokedex/full/660.png
fletchling,45,50,43,62,normal,http://assets.pokemon.com/assets/cms2/img/pokedex/full/661.png
fletchinder,62,73,55,84,fire,http://assets.pokemon.com/assets/cms2/img/pokedex/full/662.png
talonflame,78,81,71,126,fire,http://assets.pokemon.com/assets/cms2/img/pokedex/full/663.png
scatterbug,38,35,40,35,bug,http://assets.pokemon.com/assets/cms2/img/pokedex/full/664.png
spewpa,45,22,60,29,bug,http://assets.pokemon.com/assets/cms2/img/pokedex/full/665.png
vivillon,80,52,50,89,bug,http://assets.pokemon.com/assets/cms2/img/pokedex/full/666.png
litleo,62,50,58,72,fire,http://assets.pokemon.com/assets/cms2/img/pokedex/full/667.png
pyroar,86,68,72,106,fire,http://assets.pokemon.com/assets/cms2/img/pokedex/full/668.png
flabebe,44,38,39,42,fairy,http://assets.pokemon.com/assets/cms2/img/pokedex/full/669.png
floette,54,45,47,52,fairy,http://assets.pokemon.com/assets/cms2/img/pokedex/full/670.png
floette-eternal,74,65,67,92,fairy,http://assets.pokemon.com/assets/cms2/img/pokedex/full/670_f2.png
florges,78,65,68,75,fairy,http://assets.pokemon.com/assets/cms2/img/pokedex/full/671.png
skiddo,66,65,48,52,grass,http://assets.pokemon.com/assets/cms2/img/pokedex/full/672.png
gogoat,123,100,62,68,grass,http://assets.pokemon.com/assets/cms2/img/pokedex/full/673.png
pancham,67,82,62,43,fighting,http://assets.pokemon.com/assets/cms2/img/pokedex/full/674.png
pangoro,95,124,78,58,fighting,http://assets.pokemon.com/assets/cms2/img/pokedex/full/675.png
furfrou,75,80,60,102,normal,http://assets.pokemon.com/assets/cms2/img/pokedex/full/676.png
espurr,62,48,54,68,psychic,http://assets.pokemon.com/assets/cms2/img/pokedex/full/677.png
meowstic-male,74,48,76,104,psychic,http://assets.pokemon.com/assets/cms2/img/pokedex/full/678.png
meowstic-female,74,48,76,104,psychic,http://assets.pokemon.com/assets/cms2/img/pokedex/full/678_f2.png
honedge,45,80,100,28,steel,http://assets.pokemon.com/assets/cms2/img/pokedex/full/679.png
doublade,59,110,150,35,steel,http://assets.pokemon.com/assets/cms2/img/pokedex/full/680.png
aegislash-shield,60,50,150,60,steel,http://assets.pokemon.com/assets/cms2/img/pokedex/full/681.png
aegislash-blade,60,150,50,60,steel,http://assets.pokemon.com/assets/cms2/img/pokedex/full/681_f2.png
spritzee,78,52,60,23,fairy,http://assets.pokemon.com/assets/cms2/img/pokedex/full/682.png
aromatisse,101,72,72,29,fairy,http://assets.pokemon.com/assets/cms2/img/pokedex/full/683.png
swirlix,62,48,66,49,fairy,http://assets.pokemon.com/assets/cms2/img/pokedex/full/684.png
slurpuff,82,80,86,72,fairy,http://assets.pokemon.com/assets/cms2/img/pokedex/full/685.png
inkay,53,54,53,45,dark,http://assets.pokemon.com/assets/cms2/img/pokedex/full/686.png
malamar,86,92,88,73,dark,http://assets.pokemon.com/assets/cms2/img/pokedex/full/687.png
binacle,42,52,67,50,rock,http://assets.pokemon.com/assets/cms2/img/pokedex/full/688.png
barbaracle,72,105,115,68,rock,http://assets.pokemon.com/assets/cms2/img/pokedex/full/689.png
skrelp,50,60,60,30,poison,http://assets.pokemon.com/assets/cms2/img/pokedex/full/690.png
dragalge,65,75,90,44,poison,http://assets.pokemon.com/assets/cms2/img/pokedex/full/691.png
clauncher,50,53,62,44,water,http://assets.pokemon.com/assets/cms2/img/pokedex/full/692.png
clawitzer,71,73,88,59,water,http://assets.pokemon.com/assets/cms2/img/pokedex/full/693.png
helioptile,44,38,33,70,electric,http://assets.pokemon.com/assets/cms2/img/pokedex/full/694.png
heliolisk,62,55,52,109,electric,http://assets.pokemon.com/assets/cms2/img/pokedex/full/695.png
tyrunt,58,89,77,48,rock,http://assets.pokemon.com/assets/cms2/img/pokedex/full/696.png
tyrantrum,82,121,119,71,rock,http://assets.pokemon.com/assets/cms2/img/pokedex/full/697.png
amaura,77,59,50,46,rock,http://assets.pokemon.com/assets/cms2/img/pokedex/full/698.png
aurorus,123,77,72,58,rock,http://assets.pokemon.com/assets/cms2/img/pokedex/full/699.png
sylveon,95,65,65,60,fairy,http://assets.pokemon.com/assets/cms2/img/pokedex/full/700.png
hawlucha,78,92,75,118,fighting,http://assets.pokemon.com/assets/cms2/img/pokedex/full/701.png
dedenne,67,58,57,101,electric,http://assets.pokemon.com/assets/cms2/img/pokedex/full/702.png
carbink,50,50,150,50,rock,http://assets.pokemon.com/assets/cms2/img/pokedex/full/703.png
goomy,45,50,35,40,dragon,http://assets.pokemon.com/assets/cms2/img/pokedex/full/704.png
sliggoo,68,75,53,60,dragon,http://assets.pokemon.com/assets/cms2/img/pokedex/full/705.png
goodra,90,100,70,80,dragon,http://assets.pokemon.com/assets/cms2/img/pokedex/full/706.png
klefki,57,80,91,75,steel,http://assets.pokemon.com/assets/cms2/img/pokedex/full/707.png
phantump,43,70,48,38,ghost,http://assets.pokemon.com/assets/cms2/img/pokedex/full/708.png
trevenant,85,110,76,56,ghost,http://assets.pokemon.com/assets/cms2/img/pokedex/full/709.png
pumpkaboo-average,49,66,70,51,ghost,http://assets.pokemon.com/assets/cms2/img/pokedex/full/710.png
pumpkaboo-small,44,66,70,56,ghost,http://assets.pokemon.com/assets/cms2/img/pokedex/full/710_f2.png
pumpkaboo-large,54,66,70,46,ghost,http://assets.pokemon.com/assets/cms2/img/pokedex/full/710_f3.png
pumpkaboo-super,59,66,70,41,ghost,http://assets.pokemon.com/assets/cms2/img/pokedex/full/710_f4.png
gourgeist-average,65,90,122,84,ghost,http://assets.pokemon.com/assets/cms2/img/pokedex/full/711.png
gourgeist-small,55,85,122,99,ghost,http://assets.pokemon.com/assets/cms2/img/pokedex/full/711_f2.png
gourgeist-large,75,95,122,69,ghost,http://assets.pokemon.com/assets/cms2/img/pokedex/full/711_f3.png
gourgeist-super,85,100,122,54,ghost,http://assets.pokemon.com/assets/cms2/img/pokedex/full/711_f4.png
bergmite,55,69,85,28,ice,http://assets.pokemon.com/assets/cms2/img/pokedex/full/712.png
avalugg,95,117,184,28,ice,http://assets.pokemon.com/assets/cms2/img/pokedex/full/713.png
noibat,40,30,35,55,flying,http://assets.pokemon.com/assets/cms2/img/pokedex/full/714.png
noivern,85,70,80,123,flying,http://assets.pokemon.com/assets/cms2/img/pokedex/full/715.png
xerneas,126,131,95,99,fairy,http://assets.pokemon.com/assets/cms2/img/pokedex/full/716.png
yveltal,126,131,95,99,dark,http://assets.pokemon.com/assets/cms2/img/pokedex/full/717.png
zygarde,108,100,121,95,dragon,http://assets.pokemon.com/assets/cms2/img/pokedex/full/718.png
diancie,50,100,150,50,rock,http://assets.pokemon.com/assets/cms2/img/pokedex/full/719.png
diancie-mega,50,160,110,110,rock,http://assets.pokemon.com/assets/cms2/img/pokedex/full/719_f2.png
hoopa,80,110,60,70,psychic,http://assets.pokemon.com/assets/cms2/img/pokedex/full/720.png
hoopa-unbound,80,160,60,80,psychic,http://assets.pokemon.com/assets/cms2/img/pokedex/full/720_f2.png
volcanion,80,110,120,70,fire,http://assets.pokemon.com/assets/cms2/img/pokedex/full/721.png